{"cameraMode":{"drawMode":0,"name":"Shaded","section":"Shading Mode"},"sceneLighting":false,"audioPlay":false,"sceneViewState":{"showFog":true,"showMaterialUpdate":true,"showSkybox":false,"showFlares":true,"showImageEffects":true,"showParticleSystems":true},"in2DMode":false,"pivot":{"x":0.036810554563999179,"y":0.0245671309530735,"z":-0.011652901768684388},"rotation":{"x":0.3784143030643463,"y":-0.28187239170074465,"z":0.15433116257190705,"w":0.8680755496025086},"size":0.14049772918224336,"orthographic":false}